Unnamed: 0,loan_id,gender,disbursemet_date,currency,country,sex,is_employed,job,location,loan_amount,number_of_defaults,outstanding_balance,interest_rate,age,number_of_defaults.1,remaining term,salary,marital_status,age.1
18802,9e62c617-72f8-4831-820f-5f87f2fd4b60,other,2022 07 31,USD,Zimbabwe,other,True,Data Analyst,Bulawayo,29000.0,0,37456.01458173334,0.22,41,0,66,3438.812151596254,married,41
21059,00dbb2a8-abd0-433f-9426-b1053fbf0f62,female,2020 01 25,USD,Zimbabwe,female,True,Data Analyst,Rusape,37000.0,0,59699.72091609359,0.19,43,0,78,4033.117815804733,single,43
54173,d5f81dd4-8cc1-4e63-a520-dcef5e3b0d30,other,2023 01 06,USD,Zimbabwe,other,True,Engineer,Bulawayo,33000.0,0,36640.174682329,0.22,41,0,48,2825.036366500974,married,41
41314,61c36e08-3bf4-4d99-a6d5-662dc3ab299a,male,2021 07 29,USD,Zimbabwe,male,True,Data Scientist,Kadoma,61000.0,1,42095.329604901184,0.21,42,1,47,3394.53665626605,single,42
90936,0538918c-caa1-4a2d-ab04-cf0a4c791377,female,2022 07 05,USD,Zimbabwe,female,True,Accountant,Kwekwe,5000.0,2,26045.223490245084,0.18,40,2,63,2066.6440186296136,married,40
18649,6a37cbe9-68aa-46dd-ad94-83ce7e2203af,other,2020 10 06,USD,Zimbabwe,other,True,Accountant,Gweru,25000.0,0,38910.62348631424,0.21,39,0,66,3195.906628479525,divorced,39
6740,af488616-8f56-42ee-b277-049ce87da5e5,other,2022 12 31,USD,Zimbabwe,other,True,Doctor,Gweru,29000.0,0,42788.1894138435,0.22,41,0,55,2930.2767036012337,divorced,41
23447,6ed34cba-5a0f-474a-8b30-a04d51da0bb4,other,2020 03 16,USD,Zimbabwe,other,True,Accountant,Masvingo,24000.0,0,36295.74087956316,0.22,39,0,71,3419.713725948408,divorced,39
56867,999ff449-4de3-4eff-9148-c5523488777b,other,2022 01 16,USD,Zimbabwe,other,True,Data Analyst,Kadoma,39000.0,0,47960.227118301686,0.23,47,0,70,3703.1452807609576,married,47
71413,f0c39415-2a25-471f-bdfa-c1dbc58b0c3e,male,2020 02 23,USD,Zimbabwe,male,True,Nurse,,40000.0,1,57760.62591863383,0.23,49,1,55,3304.6160593341974,married,49
55977,76e0317a-e141-47d7-8ae6-5b0ad3533752,female,2023 02 20,USD,Zimbabwe,female,True,Teacher,Gokwe,6000.0,0,29068.570525162933,0.22,41,0,54,2043.906464154458,divorced,41
74965,5dcc35a1-befd-42fa-8e34-93385741b53f,female,2021 05 30,USD,Zimbabwe,female,True,Accountant,Chimanimani,37000.0,1,37899.442875513385,0.23,39,1,35,2092.6510055492645,divorced,39
25502,fb5af3db-933f-4b13-a352-9b34058e75a4,female,2023 05 10,USD,Zimbabwe,female,True,Software Developer,Plumtree,20000.0,1,31825.25368144293,0.21,53,1,47,2160.246329925786,single,53
15978,ce95ab51-239d-4bbc-b9a2-501be81418eb,female,2022 02 04,USD,Zimbabwe,female,True,Nurse,Bulawayo,48000.0,0,33539.00951882273,0.2,45,0,47,2606.1507817205115,married,45
6441,a2928c0c-3598-4df5-8af1-bc2066892ded,other,2023 07 12,USD,Zimbabwe,other,True,Nurse,Chimanimani,37000.0,0,40612.05765685876,0.24,48,0,43,2541.996757329089,married,48
45605,35122a47-9e1d-4d51-b297-ea9e6fd0247f,female,2021 09 22,USD,Zimbabwe,female,True,Engineer,Chivhu,38000.0,0,41407.38211563911,0.2,43,0,55,2923.4418133702147,married,43
61400,4423570a-60c3-4703-b8cb-4e6cd39f14ce,other,2020 08 30,USD,Zimbabwe,other,True,Accountant,Gweru,22000.0,0,31893.1912668334,0.23,38,0,64,2977.530511151163,divorced,38
21976,6c7bcbb5-a01f-4b5b-8395-f0c01539f493,other,2023 02 08,USD,Zimbabwe,other,True,Software Developer,Harare,40000.0,0,60545.19938090862,0.22,44,0,45,2599.6922996927638,married,44
61836,6f351b06-dce1-4013-9fd6-d299796bec5b,female,2021 05 19,USD,Zimbabwe,female,True,Teacher,Masvingo,28000.0,1,32507.390358560144,0.19,33,1,61,3679.563060753575,married,33
74948,d80c8590-df8e-4507-acab-35eb0e94b49f,female,2020 12 14,USD,Zimbabwe,female,True,Engineer,Chiredzi,10000.0,0,28738.15645088707,0.21,41,0,32,1854.2058390747727,divorced,41
34106,acb1ec34-4f50-43ec-bff5-1cd79502c6a9,male,2021 02 26,USD,Zimbabwe,male,True,Teacher,Rusape,10000.0,2,34018.52415771534,0.17,43,2,52,2064.71024605783,single,43
26307,d946ee51-27fc-4998-ab72-c547aeb99fe2,other,2020 01 13,USD,Zimbabwe,other,True,Doctor,Rusape,32000.0,2,29372.56027448109,0.21,43,2,47,2603.843209400264,married,43
84622,28fff1c0-20e0-42b3-b8e9-c9affd4b1eea,other,2020 01 07,USD,Zimbabwe,other,True,Data Analyst,Harare,25000.0,0,30684.100743478702,0.19,44,0,44,2303.6096478602253,single,44
72171,d808cd29-b829-4228-91bb-0df09bb130f7,other,2021 04 12,USD,Zimbabwe,other,True,Software Developer,Harare,37000.0,0,40862.17986442832,0.21,46,0,70,3597.808277671046,married,46
73735,94cea29d-2cbd-4d9b-9f06-665c9e099c8c,male,2023 05 30,USD,Zimbabwe,male,True,Accountant,Chipinge,27000.0,1,27913.46389053012,0.24,40,1,57,2974.690796206707,divorced,40
89358,794a68c6-2f4d-4e51-8964-e1f74833a807,male,2020 08 24,USD,Zimbabwe,male,True,Engineer,Masvingo,41000.0,0,50005.73564508099,0.18,35,0,44,2785.7481763887627,married,35
8843,0c57f58f-d357-431d-bdf0-84c915aa9690,other,2023 06 03,USD,Zimbabwe,other,True,Engineer,Beitbridge,31000.0,1,29160.103052834515,0.21,46,1,49,2595.6132348306464,married,46
19144,6a1c66da-0661-459f-9a40-b16dc85da734,male,2021 11 29,USD,Zimbabwe,male,True,Data Analyst,Gweru,5000.0,0,25407.370405857026,0.19,47,0,49,1994.639112761022,single,47
16956,11162c84-2631-43b6-8ec0-dcc2fbce331a,female,2021 04 20,USD,Zimbabwe,female,True,Doctor,Mutare,10000.0,0,29042.915209244828,0.2,27,0,43,2320.3245726763944,divorced,27
99275,d4f68b2a-1a32-462a-95a2-cdeb92e1e522,other,2021 03 11,USD,Zimbabwe,other,True,Nurse,Masvingo,27000.0,0,30792.095235380148,0.21,40,0,38,2150.063743053446,married,40
12469,c0ef66cd-8d6f-4bd9-8bc2-2e463347dd2e,other,2023 06 15,USD,Zimbabwe,other,True,Engineer,Chivhu,35000.0,0,43414.607126432005,0.22,45,0,49   ,2642.563460373775,married,45
42213,7f88d17d-73c7-4595-9404-670ac7ee647d,female,2021 12 07,USD,Zimbabwe,female,True,Engineer,Bulawayo,50000.0,0,57370.26647899215,0.23,40,0,49,3181.940908234903,divorced,40
23088,5479fc65-0338-47c4-b5fd-90dceef6cb4e,other,2021 09 07,USD,Zimbabwe,other,True,Nurse,Bulawayo,58000.0,0,55427.398988114815,0.2,56,0,40,2197.711330204491,single,56
5618,0d91e471-0784-414c-b0de-3410f1e2124f,female,2021 06 20,USD,Zimbabwe,female,True,Doctor,Shurugwi,51000.0,1,38921.03151467201,0.2,42,1,64,3883.788391439025,married,42
53896,97d26894-9631-47bd-8a05-e13142c5a2b7,other,2021 10 23,USD,Zimbabwe,other,True,SoftwareDeveloper,Gweru,56000.0,0,31769.901924144306,0.22,53,0,57,3124.5821593906494,married,53
44799,cbe0f364-c43b-4b03-90ab-813a4b69896d,other,2020 04 02,USD,Zimbabwe,other,True,Software Developer,Gweru,30000.0,0,34005.14833000946,0.2,44,0,56,2835.0911875806087,married,44
74107,b9cb1278-555a-4045-9630-442908b03570,other,2021 05 18,USD,Zimbabwe,other,True,Data Analyst,Kadoma,47000.0,1,30818.814900148933,0.25,48,1,37,2286.003673752557,married,48
70411,6e75e049-a005-4ebb-a817-3dde32c07b35,male,2021 01 13,USD,Zimbabwe,male,True,Accountant,Redcliff,43000.0,2,41058.11371305154,0.22,39,2,52,3260.251133782488,divorced,39
12062,493f070f-93b8-4c37-827b-85263f7c6fe3,female,2021 06 11,USD,Zimbabwe,female,True,Accountant,Zvishavane,22000.0,2,32381.20428950196,0.21,38,2,40,2194.185847428312,divorced,38
11397,abdd3a3f-81ce-48d3-8b70-7d26a656f199,other,2023 09 26,USD,Zimbabwe,other,True,Nurse,Harare,35000.0,0,38048.936527303405,0.21,46,0,64,3355.426598748961,married,46
15943,f87f97e9-d6a1-4827-80ed-6103beda98ed,other,2020 10 08,USD,Zimbabwe,other,True,SoftwareDeveloper,Chipinge,27000.0,0,35358.18703107324,0.21,40,0,54,2712.514336295253,divorced,40
11386,35d0ef6b-dc73-475c-bf25-ad2dbaf8bd77,female,2020 05 19,USD,Zimbabwe,female,True,Accountant,Chivhu,25000.0,1,28320.268207930458,0.21,39,1,45,2386.1296415343004,divorced,39
26486,a10fee96-c1ed-48d6-943c-eb22f367f225,female,2020 07 02,USD,Zimbabwe,female,True,Engineer,Kadoma,17000.0,1,41916.82130208288,0.19,38,1,55,2394.53314530226,married,38
69575,d528abfb-e970-44e3-b5d5-e8894d60d1cf,female,2023 01 28,USD,Zimbabwe,female,True,Data Analyst,Chimanimani,42000.0,0,26086.367739753387,0.22,39,0,51   ,3295.1294983383204,married,39
58084,2408022c-e1fb-49ba-8740-534918878770,female,2022 09 28,USD,Zimbabwe,female,True,Doctor,Masvingo,28000.0,1,31997.56519645475,0.22,36,1,66,3825.899576436511,divorced,36
45900,89a22ab4-e63f-487e-b641-3177ed9d3230,male,2020 06 25,USD,Zimbabwe,male,True,Engineer,Rusape,18000.0,0,35647.762470015354,0.21,43,0,76,3044.8290593001866,married,43
41643,5f4e85f8-b1c0-4f50-8804-a6583eae2cf8,male,2021 11 06,USD,Zimbabwe,male,True,Data Analyst,Chimanimani,56000.0,0,60395.29154202359,0.24,37,0,85,6381.978200152173,divorced,37
36529,bc629f9f-bbae-4eaa-aebc-bebf15264477,female,2023 12 12,USD,Zimbabwe,female,False,,Harare,10000.0,0,27753.01118243287,0.26,39,0,46,2157.0428482631087,divorced,39
15547,a593a507-853e-4261-a9f0-0fc5b4c31dd8,male,2020 08 30,USD,Zimbabwe,male,True,Engineer,Marondera,12000.0,0,29193.18796303461,0.21,46,0,47,2139.79472410305,married,46
61977,9dcf838b-1ff1-4e01-864c-1f4e92ebe9cc,male,2023 10 10,USD,Zimbabwe,male,True,Teacher,Plumtree,18000.0,1,27305.939854457323,0.19,45,1,43_,2124.034369811245,single,45
37145,56cb589d-5eea-4def-b7b9-8f0e26546435,female,2022 02 08,USD,Zimbabwe,female,True,Data Analyst,Kwekwe,19000.0,0,36206.54858286932,0.21,51,0,53,2281.54625417911,single,51
92786,351bf3c5-a38a-48f7-980e-a861dba438b3,male,2023 08 30,USD,Zimbabwe,male,True,Lawyer,Masvingo,5000.0,0,25636.024135907435,0.18,33,0,38,1915.1495192040725,divorced,33
21739,8a7e0825-3d0d-4881-9bc8-029e4e15ac31,other,2022 03 26,USD,Zimbabwe,other,True,Software Developer,Harare,34000.0,0,41489.09354851181,0.22,41,0,44,2562.912272145822,married,41
69529,70a33f30-1bd5-42b2-9528-8a52195a4273,other,2023 03 30,USD,Zimbabwe,other,True,Engineer,Beitbridge,31000.0,2,35955.30929543877,0.21,46,2,77,3401.409567707228, ,46
8753,c45cc08b-518e-436a-a39a-5c09ffbefd02,male,2022 01 28,USD,Zimbabwe,male,True,SoftwareDeveloper,Kwekwe,38000.0,0,43480.02934322335,0.21,48,0,54,2853.747618155045,married,48
35774,24abf09d-a8c7-4402-a0c1-a7768ff682f5,female,2023 05 21,USD,Zimbabwe,female,False,,Gweru,25000.0,0,36008.602572511714,0.21,53,0,54,2355.491816726917,single,53
21903,cfa105fa-6d6c-4b7b-b25a-79f5b0aaa879,female,2021 05 20,USD,Zimbabwe,female,True,Doctor,Rusape,21000.0,0,45188.03937948719,0.19,53,0,43,2120.029544189748,single,53
15062,2c9d649f-c87a-482c-b5ce-665dd29412f3,male,2022 04 29,USD,Zimbabwe,male,True,Data Analyst,Chipinge,39000.0,2,33122.57459755578,0.19,53,2,45   ,2286.0001786880284,single,53
98728,a49363ac-469d-4c42-a683-aae7be08d270,other,2020 07 08,USD,Zimbabwe,other,False,,Beitbridge,32000.0,1,30656.679852919893,0.22,44,1,66,3222.290372405068,married,44
21995,782c5643-a30d-45a0-9c25-c76911f2054a,other,2021 12 29,USD,Zimbabwe,other,True,Engineer,Rusape,21000.0,0,27146.317123168083,0.19,45,0,40,2092.922393066427, ,45
25346,fc3e2281-2c1f-462d-980a-74d1ada088be,male,2022 08 04,USD,Zimbabwe,male,True,Data Analyst,Harare,41000.0,0,44176.42797687485,0.2,35,0,48,3193.5978576618218,married,35
7762,edc1eb7e-f464-43a1-96fe-8abb6249b0ec,female,2023 10 21,USD,Zimbabwe,female,True,Software Developer,Beitbridge,25000.0,0,30838.81494334904,0.2,40,0,52,2568.7076763027144,divorced,40
21528,80c46c22-ae6e-4482-8ba4-f839ec91665a,other,2023 11 21,USD,Zimbabwe,other,True,Teacher,Harare,26000.0,0,24029.386961034124,0.18,44,0,47,2464.653628372865,single,44
1511,f1c84ac2-932b-47bc-8acd-9d581e871da0,female,2020 09 12,USD,Zimbabwe,female,True,Data Analyst,Harare,42000.0,0,65323.3333723027,0.22,36,0,81,5111.473154311679, ,36
49411,ad1676df-4517-4aee-80f7-db25f6eb6e5a,other,2023 08 16,USD,Zimbabwe,other,True,Engineer,Harare,24000.0,2,25582.413788037014,0.23,38,2,74,3707.536436182095,divorced,38
17933,76af299c-b8e1-4c5d-9c49-1a2c93a5714b,other,2021 06 11,USD,Zimbabwe,other,True,Engineer,Chivhu,20000.0,0,28204.75883592069,0.19,43,0,49_,2351.9203734393805,married,43
77877,197402a3-b827-405f-8816-4fbdf61b1372,other,2021 04 27,USD,Zimbabwe,other,True,Accountant,Nyanga,16000.0,0,29319.970699513116,0.22,37,0,66,2924.399111284665,divorced,37
24657,9d54c410-e380-4d84-abd9-a5d875ac6376,female,2021 03 08,USD,Zimbabwe,female,True,Engineer,Kwekwe,10000.0,0,28990.70299165107,0.2,51,0,58,2190.783985614233,single,51
11267,6591d731-3c09-472f-b827-2ec2aa297581,female,2021 11 10,USD,Zimbabwe,female,True,Engineer,Zvishavane,8000.0,0,26514.628119292207,0.19,33,0,74,2422.234253214995,divorced,33
56780,563313a1-643e-4728-b6c3-fade162c671e,male,2023 01 23,USD,Zimbabwe,male,True,Data Analyst,Chivhu,74000.0,0,44272.9236843806,0.23,44,0,19   ,881.0570884292002,married,44
28985,c691f052-873d-432e-940a-7e73a6be300f,male,2021 10 02,USD,Zimbabwe,male,True,Data Scientist,Chimanimani,40000.0,0,41102.3002961868,0.23,37,0,49,3113.196432364596,married,37
25610,4d31a71b-398d-42af-8047-97bed9169bdc,other,2020 11 11,USD,Zimbabwe,other,True,Engineer,Harare,46000.0,2,45935.67330046459,0.25,42,2,49,3276.634506659415,divorced,42
56651,8b15157b-1e3e-42f2-a930-64767adbbff3,other,2023 10 10,USD,Zimbabwe,other,True,Nurse,Chivhu,24000.0,1,27615.00334765892,0.2,43,1,51,2508.1730613169952,married,43
30333,c9b034d5-7740-4b62-afea-6f9a34ea4c3e,female,2022 07 28,USD,Zimbabwe,female,True,Lawyer,Nyanga,37000.0,0,26380.54834009904,0.23,37,0,49,3027.0951817669365,divorced,37
42457,520f7a1d-9856-42f0-8848-065559c249e6,male,2021 05 17,USD,Zimbabwe,male,True,Teacher,Gokwe,25000.0,1,36883.35838642487,0.2,40,1,85,3500.822222229037,married,40
1273,6f1afc34-0d30-46d5-a647-38dceb2fd156,other,2020 01 29,USD,Zimbabwe,other,True,Data Analyst,Bulawayo,33000.0,0,36099.47539897925,0.22,46,0,55,2940.370546364966,single,46
60642,364ec0d2-fba1-4762-94ea-4208a4c2f249,male,2023 11 26,USD,Zimbabwe,male,True,Software Developer,Chivhu,19000.0,0,29171.113258091576,0.21,43,0,76,2977.86509024486,married,43
35041,ae9ce6b5-b1a9-44ab-9eb7-19f965111674,male,2021 02 11,USD,Zimbabwe,male,True,Nurse,Masvingo,31000.0,1,32867.2957066517,0.25,47,1,51,2640.368041978566,married,47
61371,95b381d4-2059-4d81-a265-ccc87626544e,other,2022 05 14,USD,Zimbabwe,other,True,Nurse,Beitbridge,33000.0,0,30870.03335222815,0.24,45,0,43,2530.4054280998444,married,45
8687,75e2159f-24be-4f98-af3c-703dc463cc2f,male,2020 03 29,USD,Zimbabwe,male,True,Software Developer,Gweru,21000.0,0,32934.42579917429,0.21,47,0,45,2275.5954154333576,married,47
78830,65aad578-f6fd-40c7-8f80-9fd3a59fcd92,other,2022 06 26,USD,Zimbabwe,other,True,Doctor,Bulawayo,40000.0,0,37050.57264300247,0.22,43,0,61,3310.93823388068,divorced,43
64690,95b84926-a43e-4819-ad5f-8bf5291d1791,male,2020 01 29,USD,Zimbabwe,male,True,Doctor,Chiredzi,36000.0,1,37236.0473781172,0.22,47,1,38,2181.281321825992,married,47
5085,7269a971-6091-4b15-94b1-1191d410b27a,other,2020 10 20,USD,Zimbabwe,other,True,Accountant,Rusape,5000.0,2,25739.89694058239,0.17,36,2,29,1817.89081650529,married,36
31800,82778940-4d46-4d38-83f8-58eb4c0df747,female,2020 05 12,USD,Zimbabwe,female,True,Engineer,Mutare,52000.0,1,41404.155857565325,0.2,45,1,37,2188.2279620761474,married,45
67224,cfbf916e-2977-4853-8c18-0593814bdcb5,other,2021 07 20,USD,Zimbabwe,other,True,Doctor,Harare,16000.0,0,28645.0015565826,0.21,39,0,67,2793.0105330742804,divorced,39
24429,4f41a4f9-a4b6-46ba-a8c3-831948fcb52b,male,2022 12 29,USD,Zimbabwe,male,True,Teacher,Chimanimani,61000.0,0,35087.80609987288,0.23,40,0,54,4053.714959680623,married,40
31812,46a6a6f6-fdba-4b96-b75f-049d40a01588,other,2021 01 08,USD,Zimbabwe,other,True,Nurse,Harare,36000.0,0,48203.54052978565,0.19,47,0,50,2907.5343406914344,single,47
59703,f5adbabb-ef6a-47b7-83f9-64f076277f3e,male,2020 09 01,USD,Zimbabwe,male,True,Nurse,Harare,15000.0,2,32013.85037774352,0.21,46,2,37,1988.442634730773,single,46
73934,b4863204-ed8f-4071-a420-c165f9e5e775,other,2021 11 01,USD,Zimbabwe,other,True,Engineer,Masvingo,35000.0,2,39748.3225303362,0.23,40,2,46,2589.851547165361,divorced,40
13095,3b624f0b-a2a3-43ef-852a-fc1f6f6b256e,other,2023 07 04,USD,Zimbabwe,other,True,Doctor,Plumtree,20000.0,1,31107.809014630693,0.2,38,1,81,3279.9588978651964,divorced,38
87731,2e6e737b-954c-4df7-bb0e-48b393d0a389,female,2021 03 26,USD,Zimbabwe,female,True,Teacher,Chipinge,10000.0,1,26107.65505912669,0.22,54,1,57,2164.83225429955,single,54
26512,487bdd41-1e57-486e-97c9-f62c43f74abd,male,2021 07 31,USD,Zimbabwe,male,True,Software Developer,Gweru,11000.0,0,28732.63047776745,0.21,45,0,40,1987.166553508443,married,45
92525,daaf1421-ff6f-4672-96dd-58b8c3ee4180,other,2020 03 14,USD,Zimbabwe,other,True,Doctor,Mutare,37000.0,0,46158.98293191815,0.22,40,0,66,3906.614482161876,divorced,40
22298,9d111d3f-907a-45ab-910f-458f7a085641,female,2022 10 12,USD,Zimbabwe,female,True,Doctor,Marondera,53000.0,0,62874.445319023136,0.22,47,0,30,1831.019259193336,married,47
29006,012a9260-799b-4e30-b5d2-cf16704c996e,female,2020 12 17,USD,Zimbabwe,female,True,Teacher,Rusape,35000.0,0,32501.510887052005,0.18,38,0,57,3363.474518283484,single,38
97054,da713b38-96f3-4024-871b-678867bf154e,female,2021 06 16,USD,Zimbabwe,female,True,Accountant,Chivhu,22000.0,0,30370.56907573482,0.21,33,0,75,3473.4699962398154,divorced,33
64157,065e87ce-9d16-41d4-b298-526b7842f995,female,2021 07 24,USD,Zimbabwe,female,True,Engineer,Plumtree,8000.0,0,25836.77678122201,0.25,45,0,49,2074.4159026430098,divorced,45
15150,a8bd05d2-6426-4f3f-9bf7-77d43a121279,male,2021 05 17,USD,Zimbabwe,male,True,Software Developer,Kwekwe,16000.0,0,37676.47734146072,0.19,41,0,61,2600.2594955931,married,41
84535,2201b705-f8b7-4ec3-8f37-f5562b396ccc,other,2020 09 16,USD,Zimbabwe,other,True,Doctor,Bulawayo,42000.0,1,30242.244759158217,0.22,45,1,36,2179.7854784210185,married,45
83737,7ff19bc4-0477-4a34-ba69-f06194f73208,female,2022 04 21,USD,Zimbabwe,female,True,Nurse,Masvingo,17000.0,1,24004.5549248343,0.23,48,1,62,2571.5193062211038,married,48
55544,33e647de-2662-4642-a654-34fa6cac2ee9,other,2022 05 13,USD,Zimbabwe,other,True,Doctor,Harare,26000.0,1,24230.02757354037,0.23,40,1,70,3412.699244004017,divorced,40
45226,528b5f3c-86e7-4c8d-b4a1-f8bac614450f,male,2023 01 06,USD,Zimbabwe,male,True,Engineer,Plumtree,28000.0,0,31395.97848546772,0.21,47,0,46,2428.1050760430085,married,47
7808,40e15a55-927f-4e0b-bcb4-ac23638e27c8,male,2021 11 24,USD,Zimbabwe,male,True,Data Analyst,Rusape,12000.0,0,33400.24089937705,0.17,49,0,61,2206.2188432203006,single,49
62100,57a4eb69-4c36-4ae6-82ac-87c38195fb04,female,2020 09 09,USD,Zimbabwe,female,True,Teacher,Gweru,44000.0,0,45757.29751947584,0.24,40,0,46,2917.46813251605,divorced,40
44447,7ce707de-e4d9-4d2b-9ffa-b10ef90169db,female,2022 09 01,USD,Zimbabwe,female,True,Data Scientist,Chimanimani,53000.0,0,56741.44106879337,0.24,43,0,60,3785.653259895516,married,43
59541,f6ebf1cd-cfc3-4a11-a803-53ec1f6f70ce,male,2022 04 04,USD,Zimbabwe,male,True,Data Analyst,Plumtree,45000.0,0,18415.06784865648,0.21,54,0,52,2587.2639777230406,single,54
94662,80b570af-8fb9-421f-945c-7eeb885e2e2a,female,2020 11 29,USD,Zimbabwe,female,True,Data Analyst,Chivhu,48000.0,1,44532.74929835411,0.21,46,1,46,2674.9504219710466,single,46
4659,1c3058f2-b8b9-4fcb-9e9f-eae51b178fc4,male,2020 08 31,USD,Zimbabwe,male,True,Engineer,Chivhu,38000.0,0,35184.65998358768,0.26,45,0,27,1648.1839246339337,divorced,45
52560,90a55355-c70c-4e71-aa10-47be00079187,male,2020 11 29,USD,Zimbabwe,male,True,Engineer,Kwekwe,25000.0,0,31437.94911230248,0.2,42,0,52,2596.710586794793,married,42
8478,8c95e964-dd0b-4b49-903c-262c13e55bcf,other,2022 08 03,USD,Zimbabwe,other,True,Data Analyst,Chivhu,49000.0,0,46404.588477672674,0.19,53,0,46,2390.2500848199797,single,53
20222,202f5169-a7a4-4c68-8142-b3aacf314075,male,2021 06 11,USD,Zimbabwe,male,True,Data Scientist,Chivhu,50000.0,0,34453.807319531494,0.17,41,0,47,2986.958755258429,single,41
91639,74f09615-9097-4a12-9f8d-75eb8698ae05,male,2021 12 22,USD,Zimbabwe,male,True,Engineer,Marondera,25000.0,0,34586.74641114643,0.2,53,0,68,2922.2192092193545,single,53
45177,bc9dfe54-a76c-4693-ba95-2564f56ea2fe,male,2020 12 27,USD,Zimbabwe,male,True,Software Developer,Karoi,31000.0,2,43804.64162280985,0.2,45,2,62,3014.8264610323004,married,45
31753,7887a646-d648-4c11-aec5-67d4a28b83e2,male,2023 01 28,USD,Zimbabwe,male,True,Engineer,Harare,23000.0,1,35950.37930468891,0.23,48,1,46,2321.22671039741,married,48
53183,185815f5-0867-4b85-a3e9-e21037afc2d0,male,2021 05 20,USD,Zimbabwe,male,True,Engineer,Harare,25000.0,0,19971.37854166237,0.24,44,0,50,2475.5364842538947,divorced,44
85477,7f6a7551-cb0f-44f3-b99c-2ced27a9dabf,female,2021 05 16,USD,Zimbabwe,female,True,Data Analyst,Karoi,5000.0,0,24925.04772805471,0.15,49,0,36,1880.5848772556535,single,49
29587,0febdc23-ae5b-4ed0-9c44-ebe28f5cd484,other,2023 11 21,USD,Zimbabwe,other,True,Nurse, Masvingo   ,22000.0,0,36457.35823466738,0.21,44,0,60,2692.7223751393058,married,44
20107,72a23709-20d4-4d65-a8e8-82795e26e3b3,other,2023 11 12,USD,Zimbabwe,other,True,Doctor,Masvingo,36000.0,0,43800.07502025649,0.22,42,0,76,4092.152428246586,divorced,42
25098,f0e80ee0-0737-46e4-91cf-b71479d9747b,female,2023 08 18,USD,Zimbabwe,female,True,Nurse,Chimanimani,46000.0,1,50757.37013688139,0.26,40,1,66,4161.026420903999,divorced,40
32502,8466824e-a9d5-4b32-b651-f54473657754,other,2020 05 14,USD,Zimbabwe,other,False,,Beitbridge,39000.0,0,45094.93421226382,0.21,47,0,46,2446.411765132306,married,47
80576,eee537fe-3ba5-4a7f-aba5-bb37a98587a8,male,2021 11 02,USD,Zimbabwe,male,True,Nurse,Gweru,18000.0,1,27638.987530546478,0.18,52,1,70,2493.036640334431,single,52
27022,82b6ddd7-f780-48e9-a519-25b788e7e3b1,female,2023 11 09,USD,Zimbabwe,female,True,Accountant,Mutare,51000.0,0,57190.11292293103,0.22,44,0,59   ,3706.556036897389,divorced,44
83464,d756ebd5-17a4-4140-af1b-e5ff449f2597,other,2021 02 06,USD,Zimbabwe,other,True,Doctor,Harare,24000.0,1,22440.745873440286,0.21,42,1,66,2997.581905396384,divorced,42
27843,27b733c8-8a62-4f46-b775-8b18b7951a36,male,2021 12 29,USD,Zimbabwe,male,True,Engineer,Beitbridge,32000.0,1,41904.02785606649,0.22,48,1,57,2931.5731426617112,married,48
49836,062f5670-9890-4ad1-9417-bbc0f8a6c91d,other,2020 02 22,USD,Zimbabwe,other,True,SoftwareDeveloper,Gweru,47000.0,0,42378.0515178795,0.21,50,0,45,2581.31081073518,single,50
82682,212c9a40-6158-4cf4-b58d-2086d3f48584,female,2023 10 27,USD,Zimbabwe,female,True,Lawyer,Chimanimani,32000.0,0,34029.31486661038,0.24,39,0,52,3099.753195086405,divorced,39
74813,9320b3fa-ea52-4539-97c8-ad908feaf464,other,2021 06 14,USD,Zimbabwe,other,True,Accountant,Bulawayo,5000.0,1,26482.126074395983,0.16,36,1,50,2018.6461966131124,single,36
46474,6af81261-b5fb-45ea-a6b6-1e0e2fbd7c3a,male,2021 11 26,USD,Zimbabwe,male,True,Accountant,Chipinge,16000.0,0,32156.368300196795,0.19,47,0,68,2578.377311761386,married,47
63150,f0936757-72a6-475a-afbd-86f154d6ee8f,female,2023 02 09,USD,Zimbabwe,female,True,Engineer,Kwekwe,2000.0,1,25420.59127064551,0.21,39,1,36,1856.0659375481605,divorced,39
2165,da06af6e-1300-4889-903b-b740e9122129,female,2020 07 22,USD,Zimbabwe,female,True,Engineer,Mutare,16000.0,0,27540.87847110817,0.21,54,0,58,2295.814515885545,single,54
38118,189a33ef-5706-44b1-a8ae-1404b96fc52d,male,2022 12 13,USD,Zimbabwe,male,True,Doctor,Rusape,31000.0,0,41351.65944507242,0.24,45,0,63,3291.4031049662217,divorced,45
56341,ca6fbd23-5d4e-405f-9d11-1aeff6114148,male,2022 07 18,USD,Zimbabwe,male,True,Software Developer,Kwekwe,22000.0,1,33980.73546367757,0.19,43,1,51,2503.4503465881025,married,43
75482,d90ce01d-f48e-4967-a213-32a4954bb2d0,female,2022 10 16,USD,Zimbabwe,female,True,Accountant,Zvishavane,38000.0,2,44824.64628276981,0.22,40,2,65,3820.380048769184,divorced,40
3263,c4f5f6e5-dff8-4cf5-8472-f938ef753ade,male,2022 10 19,USD,Zimbabwe,male,True,Data Scientist,Marondera,47000.0,0,31002.609671129638,0.19,43,0,53,3360.5205747136583,single,43
76515,5c5c73b3-291a-4a49-8cf0-6a1b3a239824,female,2021 05 30,USD,Zimbabwe,female,True,Accountant,Beitbridge,36000.0,1,30928.775783836907,0.23,41,1,49,2803.372831056676, ,41
76725,6c9789e1-a40a-4a58-85d0-e1d72a752621,female,2023 05 01,USD,Zimbabwe,female,True,Doctor,Karoi,5000.0,0,26155.59494987412,0.15,43,0,58,1996.227829408867,single,43
61634,33ef7050-6c4d-4aec-b232-d115ea397cf5,other,2022 01 20,USD,Zimbabwe,other,True,Nurse,Gweru,16000.0,0,29698.362135983683,0.21,41,0,48,2388.259369904012,married,41
52587,cd00e9b6-3804-4470-9b7f-6b3f05daef7a,female,2023 05 31,USD,Zimbabwe,female,True,Teacher,Marondera,36000.0,0,41359.24393131673,0.21,43,0,66,3629.880055821052,married,43
73125,c455d8d7-5798-46f7-9fb2-e66c34401ce6,male,2023 06 08,USD,Zimbabwe,male,True,Accountant,Kariba,40000.0,0,46064.98979891725,0.21,37,0,75,4359.915134953022,divorced,37
64086,0eb71c75-3943-4205-b5fc-7d5a8d635f0e,female,2020 08 30,USD,Zimbabwe,female,True,Data Analyst,Beitbridge,47000.0,0,36787.25213874511,0.19,47,0,58,3340.090228757826,single,47
62256,6ad2563f-54f7-45bd-8a67-143ee96c8dc2,male,2020 10 17,USD,Zimbabwe,male,True,Data Analyst,Chipinge,27000.0,0,29731.909322640848,0.19,51,0,48,2307.9911954372083,single,51
50996,8166e280-d153-451f-8c55-2d7f95f70201,female,2023 02 06,USD,Zimbabwe,female,True,Accountant,Marondera,38000.0,1,36437.693037401885,0.2,39,1,48,2771.6879518517594,divorced,39
73843,c3c92421-9662-4a15-867c-7966ec21d0c7,male,2023 09 19,USD,Zimbabwe,male,True,Nurse,Harare,24000.0,0,37594.36232028397,0.23,45,0,43,2334.4264762360426,married,45
42263,c3981d4f-157d-489b-9c9e-fb5a4c200c41,male,2022 10 30,USD,Zimbabwe,male,True,SoftwareDeveloper,Karoi,40000.0,0,54567.84104426186,0.23,44,0,52   ,3058.287608512789,divorced,44
84573,5dc7cb06-0af8-475e-9077-6a5897a234a5,other,2023 06 02,USD,Zimbabwe,other,True,Data Analyst,Mutare,20000.0,0,31417.230043624422,0.23,38,0,62,3004.4488819439453,divorced,38
26369,066fd5e0-fbdb-46eb-8a15-ec2bd4ba256f,female,2021 10 24,USD,Zimbabwe,female,True,SoftwareDeveloper,   Chimanimani   ,54000.0,2,55158.20972274216,0.2,45,2,64,3909.046797501637,married,45
71223,538bfcba-d2aa-4d6a-bac1-aaaf23913c6d,other,2023 04 04,USD,Zimbabwe,other,True,Engineer,Marondera,40000.0,0,31195.260961670123,0.21,47,0,61,3255.723484964109,married,47
2072,e5fdee66-f07d-4dcd-ab75-b6134085669b,other,2022 09 08,USD,Zimbabwe,other,True,Software Developer,Plumtree,26000.0,1,30640.345674981527,0.19,42,1,52,2576.235127772021,married,42
26528,8afdb412-81b5-4d8b-b615-7484ea62e749,other,2020 12 20,USD,Zimbabwe,other,True,SoftwareDeveloper,Chipinge,27000.0,0,39406.462162634736,0.21,41,0,42,2284.793206238037,divorced,41
89094,a1a9f7ea-a6f5-4472-b4ac-637b97e5a5b1,other,2021 09 09,USD,Zimbabwe,other,True,Doctor,Marondera,26000.0,0,38086.58147462762,0.22,41,0,52,2783.256323415314,divorced,41
14654,d639d356-0d74-4abd-8d33-840f0476ddc1,female,2021 12 16,USD,Zimbabwe,female,True,Data Analyst,Beitbridge,37000.0,0,26330.52330266965,0.22,36,0,49,3044.7632128684368,divorced,36
61597,e5c66b14-6ce3-45a4-bba4-f3b9d1c9d9e0,male,2020 12 15,USD,Zimbabwe,male,False,,Harare,4000.0,0,22882.54358582907,0.2,42,0,40,1887.666334718692,married,42
2385,5570ca07-7415-49ef-a527-9713a3b66660,female,2021 01 16,USD,Zimbabwe,female,True,Teacher,Gweru,45000.0,0,39732.0512127263,0.22,43,0,77,4545.9017122067,married,43
31926,c21c56eb-4f8b-4d40-8c4a-8309f3f66ae4,female,2021 10 24,USD,Zimbabwe,female,True,SoftwareDeveloper,Beitbridge,40000.0,0,39016.95363252679,0.21,41,0,48,2754.7805816286564,divorced,41
29738,611fdc1f-ffc2-46e3-b42c-e3eb320507ef,female,2023 04 17,USD,Zimbabwe,female,True,Software Developer,Mutare,6000.0,0,24231.26869702487,0.15,34,0,33,1872.9261286282065,married,34
46862,bd907819-f1f8-454c-a584-7a5de73e7ade,other,2020 04 19,USD,Zimbabwe,other,True,Engineer,Karoi,23000.0,0,30538.608603620472,0.18,41,0,40,2121.209117633968,married,41
55769,75c16315-4195-4a94-b9bf-c8140b43caf0,other,2022 11 19,USD,Zimbabwe,other,True,Teacher,Bulawayo,31000.0,0,45640.3558080129,0.2,48,0,73,3405.861469394189,single,48
91163,da10ff92-31e3-4258-adc9-4ef649c3de86,male,2022 03 01,USD,Zimbabwe,male,True,Engineer,Marondera,30000.0,0,38861.13687971378,0.23,50,0,84,3661.569802243187,married,50
31110,286b28a5-2992-4d7c-92d9-90e2c857e501,other,2023 04 18,USD,Zimbabwe,other,True,Teacher,Bulawayo,34000.0,0,44414.1152781979,0.23,45,0,44,2639.902696783336,married,45
6217,8a612419-4319-4dbe-ab8f-617c29cd217c,other,2022 10 31,USD,Zimbabwe,other,True,Engineer,Beitbridge,44000.0,0,49088.4988949441,0.26,47,0,51,3114.6833765939245,divorced,47
35428,772fd6e2-1bff-4d4c-821d-3e3f9f7fbe1a,male,2021 09 30,USD,Zimbabwe,male,True,Data Analyst,Chivhu,48000.0,0,36333.64622608144,0.24,37,0,38,2582.8397029405305,divorced,37
97044,8ee235f3-a1b0-45c3-a160-ff3a9b7f1e0e,male,2021 03 15,USD,Zimbabwe,male,True,Teacher,Shurugwi,30000.0,0,39081.67074031898,0.19,47,0,45,2312.587806185061,single,47
44376,6dc00357-6f7d-4106-a7c8-3a76a5928747,male,2020 09 15,USD,Zimbabwe,male,True,Software Developer,Kariba,25000.0,0,23533.691993445427,0.19,35,0,51,2529.490761325448, ,35
62008,f9889163-8d89-40fa-97fd-71eeb8980884,male,2020 10 23,USD,Zimbabwe,male,True,Lawyer,Kariba,41000.0,0,37830.77692575863,0.23,36,0,61,3912.4793889880175,divorced,36
62051,9a5c2a80-6c98-43c8-a832-7fe37dfaa472,male,2020 11 05,USD,Zimbabwe,male,True,Engineer,Harare,14000.0,0,30214.1403748312,0.19,44,0,35,1933.2944786310643,single,44
1153,436d3c75-1511-47fd-9cf6-32add8dafe25,female,2023 11 18,USD,Zimbabwe,female,True,Engineer,Zvishavane,37000.0,1,44036.54109327957,0.2,44,1,61,3202.2855209417226,married,44
98478,08b5a384-3e34-403a-a002-b0091f0c80a9,other,2021 11 23,USD,Zimbabwe,other,True,Doctor,Marondera,27000.0,0,35609.82606924595,0.22,40,0,56,2940.9431850181472,divorced,40
17728,052b3463-1732-4260-9920-b5aad20951b1,female,2022 03 02,USD,Zimbabwe,female,True,Doctor,Chipinge,14000.0,0,33552.009350010405,0.21,49,0,59,2383.264987751908,married,49
49032,07d5b405-9414-43cb-8907-f433ac827c37,male,2022 03 04,USD,Zimbabwe,male,True,Nurse,Gokwe,39000.0,0,42024.15465806201,0.21,49,0,18,1362.6939092839125,married,49
81273,4a503dfa-b069-4460-8cfe-8bc1e4f8dfd4,male,2022 04 01,USD,Zimbabwe,male,True,Teacher,Nyanga,55000.0,0,66878.18744783677,0.24,35,0,44,3040.194081431848,divorced,35
67370,3e74cbe1-7ab8-45e3-88ed-44e2dbdeb566,other,2020 09 01,USD,Zimbabwe,other,True,Engineer,Bulawayo,38000.0,1,34896.4144006003,0.23,43,1,70,4165.944665012014,married,43
82777,9e4164e5-9e7b-4132-992a-2ea020207206,male,2023 12 12,USD,Zimbabwe,male,True,Engineer,Masvingo,25000.0,0,24710.853333901483,0.2,45,0,46,2361.3864776224045,married,45
85978,67c7fefa-8205-4aa9-a3a3-e6acc996a36a,female,2020 07 18,USD,Zimbabwe,female,True,Software Developer,Bulawayo,20000.0,1,42493.53549596684,0.24,49,1,47_,2302.16296618631,married,49
20235,6aed7810-38f1-4341-8a9c-8a396a873104,female,2023 07 17,USD,Zimbabwe,female,True,Nurse,Mutare,13000.0,0,26889.610843109196,0.22,45,0,60,2383.957379982768,married,45
43242,cdf2cee6-807f-4d69-9f16-640ca9fdd45e,other,2020 05 20,USD,Zimbabwe,other,True,Teacher,Kwekwe,36000.0,0,44507.86662835223,0.2,43,0,51,2667.1878426877083,married,43
93687,5433ccbf-c315-4f41-a468-fb7ebc053cdc,other,2023 06 25,USD,Zimbabwe,other,True,Software Developer,Chipinge,28000.0,0,38229.76032710417,0.2,41,0,47,2504.132685127606,married,41
4169,0319a6a6-ad0d-4293-b557-b638751b899d,other,2020 02 14,USD,Zimbabwe,other,True,Engineer,Gweru,31000.0,0,40727.713218894656,0.21,46,0,57,2929.3800130720665,married,46
3142,088615af-de3a-4e13-a6c1-359fd5e88815,other,2023 04 20,USD,Zimbabwe,other,True,Nurse,Karoi,38000.0,0,34822.34070133775,0.19,44,0,55,2875.862651838495,married,44
71217,f83f06e1-365f-4ab5-b150-b9b6c55355d9,female,2022 10 02,USD,Zimbabwe,female,True,Doctor,Rusape ,12000.0,0,29872.795095308327,0.2,54,0,55,2153.3587948437475,single,54
98107,c7c268a3-eb34-420a-b1d4-12ef8e723072,male,2022 01 10,USD,Zimbabwe,male,True,Engineer,Masvingo,21000.0,0,38298.55120984704,0.22,45,0,22,1603.507159611847,married,45
97850,e37e5dbb-7813-4ed8-982d-cbec352dab84,female,2021 11 05,USD,Zimbabwe,female,True,Data Analyst,Masvingo,41000.0,0,40413.74369587791,0.21,36,0,42,2536.7270592525565,divorced,36
26244,9c2c5a5e-144f-46b6-9ffc-70f120f258c2,female,2020 01 24,USD,Zimbabwe,female,True,Data Scientist,Marondera,30000.0,1,36403.149445855786,0.24,37,1,58,3398.4478201410598, ,37
11360,ab15a38d-ab8f-4d71-ae0f-51d7045304b2,male,2022 01 01,USD,Zimbabwe,male,True,Software Developer,Rusape,13000.0,0,29212.00903868788,0.2,41,0,55,2276.3872814502447,married,41
83451,2eb02d65-72ad-47be-a1f8-78776da264da,other,2020 12 04,USD,Zimbabwe,other,True,Nurse,Gweru,25000.0,1,34199.08520097291,0.21,40,1,38,2183.889212133761,married,40
30347,b02106d9-bdfc-4f6a-95e4-e3bf1969bca5,female,2023 05 27,USD,Zimbabwe,female,True,Accountant,Masvingo,31000.0,0,52918.84183654573,0.21,37,0,45,2561.0714038138703,divorced,37
40378,5bb92816-9b93-4472-bdd1-6a78fa656ccf,male,2022 04 24,USD,Zimbabwe,male,False,,Kadoma,40000.0,0,31717.91956472768,0.2,59,0,51,2213.240390066994,single,59
89180,752ecd9a-1ee1-40ef-bd94-695f2e225be9,female,2023 12 08,USD,Zimbabwe,female,True,Nurse,Mutare,7000.0,0,24667.09426872185,0.22,52,0,60,2104.4021455910006,single,52
90567,aae3e71a-068c-4aeb-9069-174eb3e5ab3b,female,2023 01 05,USD,Zimbabwe,female,True,Data Scientist,Rusape,42000.0,2,29879.033826010014,0.18,44,2,38,2211.6600409057087,single,44
45580,fe283fe2-8d80-4d85-842a-0e30cef150cd,female,2020 09 20,USD,Zimbabwe,female,True,Software Developer,Gweru,44000.0,0,47319.96206786297,0.21,43,0,65,3566.133718730879,married,43
40461,28053da1-fea4-494c-ad9a-9d00e69e70ac,female,2022 02 13,USD,Zimbabwe,female,True,Engineer,Marondera,44000.0,0,30734.791371695024,0.22,39,0,41,2681.836419096569,married,39
59815,91e0493e-4ff2-446d-b6a8-bcb52294c522,female,2022 02 14,USD,Zimbabwe,female,True,Software Developer,Kadoma,42000.0,0,39765.622994467,0.21,44,0,46,2624.6660997786958,married,44
22529,eec79de5-a7cb-4e6c-aceb-61cf98f74225,female,2023 07 31,USD,Zimbabwe,female,True,Doctor,Gweru,22000.0,2,34274.348000681486,0.2,33,2,55,3157.767114219312,divorced,33
60177,d4a3e0dd-8e54-4167-94b2-cbed82c700d7,other,2023 03 29,USD,Zimbabwe,other,True,Doctor,Rusape,37000.0,1,34899.070149071194,0.22,46,1,59,3071.8699593909905,married,46
514,b284d0ba-e82e-47cd-ad17-bfdd8632eb90,female,2021 07 14,USD,Zimbabwe,female,True,Data Analyst,Kwekwe,21000.0,0,31405.302327147718,0.21,53,0,47,2204.431272704996,single,53
35887,09d53dd8-a925-4d57-a791-505989f25687,female,2021 03 20,USD,Zimbabwe,female,True,Engineer,Rusape,5000.0,0,27863.74594304123,0.19,54,0,45   ,1924.0510219398025,single,54
90410,f4edbfa4-c2b4-49e5-950b-da0102b6dd42,male,2021 12 05,USD,Zimbabwe,male,True,Data Analyst,Gweru,22000.0,1,43201.50902504999,0.21,46,1,31,1867.402607174868,single,46
25033,002354ed-7fcf-4c0d-9e45-ad0442c53b52,female,2020 05 25,USD,Zimbabwe,female,True,Data Analyst,Beitbridge,41000.0,0,32403.642395134324,0.23,44,0,69,4295.952533254821,married,44
88303,04986ef6-cc2c-4c8a-8b9f-bf958a6b2342,male,2020 07 10,USD,Zimbabwe,male,False,,Chipinge,37000.0,1,35073.43675053048,0.23,46,1,58,3012.1649658651595,divorced,46
62500,2b058bf0-3e01-4179-9404-efb2851f3b1a,male,2023 03 20,USD,Zimbabwe,male,True,Lawyer,Bulawayo,5000.0,1,26031.01343939809,0.12,30,1,46,2110.38131688988,married,30
830,96d15257-7ed9-4d94-abe3-b1ca155740b0,male,2022 08 13,USD,Zimbabwe,male,True,Doctor,Chipinge,23000.0,0,35958.70105961009,0.22,39,0,61,2915.426604414632,divorced,39
29,45d534ee-83ff-4708-8acc-fe3a746bf7d6,other,2020 02 12,USD,Zimbabwe,other,True,Doctor,Gweru,35000.0,0,29614.796972318876,0.21,43,0,63,3435.392678392668,married,43
42217,109bbec1-e628-441c-865a-44da89ba074d,female,2022 01 17,USD,Zimbabwe,female,True,Nurse,Bulawayo,43000.0,0,65552.17942240444,0.19,46,0,67,3825.022593211578,single,46
11156,105be291-b782-4be1-a178-ede90d3476c8,male,2021 09 19,USD,Zimbabwe,male,True,Nurse,Gokwe,11000.0,2,29337.46480435266,0.18,41,2,38,1947.7876156768712,married,41
90234,05261217-f835-4420-9fd8-6fb99b9116d6,male,2023 04 12,USD,Zimbabwe,male,True,Engineer,Masvingo,20000.0,2,30270.194581414165,0.21,43,2,58,2593.029279474411,married,43
80589,afc1d529-ea42-428a-b2e6-5c99ae398601,male,2021 06 02,USD,Zimbabwe,male,True,Nurse,Marondera,63000.0,0,41900.43372802422,0.23,42,0,72,4791.07545494578,divorced,42
6240,9c04e264-f6e5-4657-8552-8ca91a933a61,other,2020 05 24,USD,Zimbabwe,other,True,Nurse,Bulawayo,24000.0,1,32904.752926238194,0.19,47,1,44,2254.568099168168,single,47
71153,21748daf-966f-44d4-ba64-d265cfaf4be1,male,2022 01 04,USD,Zimbabwe,male,True,Data Analyst,Zvishavane,66000.0,0,45807.414938434165,0.24,43,0,76,5495.4581378337325,divorced,43
74006,2d93f8b8-c90d-4e1f-bcd1-10820c657062,male,2021 10 06,USD,Zimbabwe,male,True,Engineer,Gweru,29000.0,0,48750.29897400976,0.21,47,0,42,2258.8383975838847,married,47
22933,eedaa061-880e-4ba4-9119-dd4c96d8374f,male,2022 09 27,USD,Zimbabwe,male,True,Nurse,Harare,21000.0,2,26476.38641560396,0.19,52,2,52   ,2344.130157605006,single,52
53799,8ccb2937-9e5e-4b8a-b577-68ba58a18ae1,other,2020 03 09,USD,Zimbabwe,other,True,Doctor,Mutare,35000.0,1,27100.385532198587,0.22,44,1,63,3289.85400889009,divorced,44
90419,90b7a9f7-4b28-4a45-89ab-49c2b69ec47e,male,2020 06 23,USD,Zimbabwe,male,True,Nurse,Bulawayo,15000.0,2,32077.99358838614,0.23,41,2,45,2279.0381334345334,divorced,41
30059,825b26b9-6565-4bb9-ad34-62c66d3a2764,other,2023 10 23,USD,Zimbabwe,other,True,Lawyer,Masvingo,23000.0,0,40028.50100919769,0.23,36,0,62,3189.378854801925, ,36
19424,aa08ef1b-89da-4260-8392-83a98207fc43,other,2020 10 28,USD,Zimbabwe,other,True,Doctor,Masvingo,39000.0,0,42291.612623931374,0.21,43,0,30,1827.1394111780303, ,43
30631,92aa27c5-63d6-461a-b8c6-1b1e30e36dcb,female,2020 11 12,USD,Zimbabwe,female,True,Doctor,Masvingo,11000.0,1,29237.406178688256,0.17,34,1,46,2192.846107636191,married,34
99711,acc8346a-665b-4d7b-81c1-d3d840f8e3c4,other,2021 11 28,USD,Zimbabwe,other,False,,Beitbridge,33000.0,0,49566.32970594939,0.21,44,0,54,2736.6212293483704,married,44
26844,f1f4be5d-4fd3-417c-b565-98d09d7ce1b7,other,2023 04 12,USD,Zimbabwe,other,True,Nurse,Chivhu,37000.0,0,28399.94046564189,0.21,48,0,33,1932.485257724656,married,48
16165,0a708488-9ed2-4004-b92c-6e3961f61445,male,2022 07 16,USD,Zimbabwe,male,True,Nurse,Gokwe,20000.0,0,39164.66335597041,0.19,42,0,69,2854.5823402641186,married,42
91274,8e440467-b455-4e6f-a6ea-9f6e04bc7025,male,2021 10 17,USD,Zimbabwe,male,True,Doctor,Harare,17000.0,1,39128.63948247044,0.21,40,1,58,2553.345339317758,divorced,40
25515,81d4a5f8-7dd9-45fe-8580-ad58bf4b0749,other,2021 12 17,USD,Zimbabwe,other,True,Nurse,Kadoma,31000.0,0,28751.81573833681,0.24,48,0,64,3299.6899774388803,married,48
72808,cc819ef3-eeed-4050-b396-992dd689891d,other,2020 08 21,USD,Zimbabwe,other,True,Engineer,Chivhu,22000.0,0,34867.82494464678,0.2,43,0,59,2666.122244409814,married,43
18120,572a9e35-42dd-437a-af97-30e7feaf4884,other,2023 01 17,USD,Zimbabwe,other,True,Engineer,Zvishavane,29000.0,1,27254.3952512948,0.2,45,1,58,2843.1229835889226,married,45
45981,f0ec4ee8-a249-4376-932d-7bf19556b3c0,female,2021 07 25,USD,Zimbabwe,female,True,Accountant,Marondera,44000.0,0,25296.575489355684,0.2,40,0,24,1473.541585153334,divorced,40
89816,14550acb-8f5e-416a-ad92-44e382acbd28,other,2022 02 26,USD,Zimbabwe,other,True,Doctor,Kadoma,17000.0,2,34871.500461927935,0.22,42,2,62,2755.237610867755,married,42
21439,4e6be832-e660-49ad-a869-87637d062d04,female,2021 05 18,USD,Zimbabwe,female,False,,Zvishavane,38000.0,1,69382.65436289241,0.22,43,1,63,3485.3731246798043,married,43
38844,4c967996-cb88-408c-8fb6-af4f74b6ad99,female,2021 01 16,USD,Zimbabwe,female,True,Teacher,Gokwe,39000.0,1,28864.25307990677,0.19,40,1,74,4165.452665210786,married,40
53568,d65ca746-3965-44ea-990e-090850cca27b,female,2021 10 05,USD,Zimbabwe,female,True,Software Developer,Rusape,5000.0,0,25638.55547674964,0.22,51,0,51,1985.368724009301,married,51
24421,4a2575ac-ab2c-41ef-979d-99204eb627cd,male,2021 03 07,USD,Zimbabwe,male,True,Engineer,Bulawayo,19000.0,1,31329.675702505552,0.24,43,1,52,2565.685598860322,divorced,43
67428,d7705e90-7020-415d-86c3-0b2346da1424,female,2020 09 05,USD,Zimbabwe,female,True,Doctor,Nyanga,28000.0,0,34394.82323822641,0.21,38,0,59,3084.5914212559755,divorced,38
43434,bb771fc7-d196-4186-8909-f51f3f6d1025,female,2022 02 05,USD,Zimbabwe,female,True,Software Developer,Kwekwe,58000.0,2,42799.29203826883,0.24,39,2,52,3508.9454964941747,divorced,39
4105,7bc38438-972c-403f-ae57-27a7f20a29e0,male,2023 09 18,USD,Zimbabwe,male,True,Data Analyst,Marondera,29000.0,0,38479.58894292936,0.22,49,0,43,2377.363534697117,single,49
21141,d0965134-d773-4403-8ca5-329b4efbaa5e,other,2020 08 22,USD,Zimbabwe,other,True,Accountant,Mutare,25000.0,0,32466.81127988033,0.22,37,0,80,3744.4046863279514,divorced,37
40254,07987de9-494e-400a-95cb-d343c391f10a,male,2022 04 30,USD,Zimbabwe,male,True,Teacher,Bulawayo,28000.0,0,33004.08650329232,0.22,49,0,45,2427.0594492737127,single,49
35924,30cf2843-3488-4411-a19f-6ad4330a369d,male,2022 10 10,USD,Zimbabwe,male,True,Teacher,Kwekwe,20000.0,1,27384.0637701204,0.2,42,1,58,2740.04231614462,married,42
76219,bf1049d6-11dd-4ad9-9c8d-3871ae54d8ce,female,2023 06 30,USD,Zimbabwe,female,True,Engineer,Harare,35000.0,2,34145.52500504248,0.2,42,2,35,2081.026541024397,married,42
89169,6eec7d51-9111-4c23-a201-07b51d01c5cb,female,2023 08 31,USD,Zimbabwe,female,False,,Kariba,39000.0,0,40673.81833243791,0.21,43,0,42,2346.6032344368336, ,43
28968,79a9e5ae-f821-4338-9fc3-f7978a68837e,female,2022 10 24,USD,Zimbabwe,female,True,Data Scientist,Chimanimani,50000.0,0,38395.527752891336,0.22,42,0,43,2759.127345666758,married,42
51440,490c00e8-75b6-475a-b554-12c2fb2ea2df,other,2023 04 12,USD,Zimbabwe,other,True,Doctor,Kwekwe,36000.0,2,38657.036162425786,0.21,43,2,51,2984.1934177826424,married,43
29726,be982970-73d5-4568-ab76-cf2b02c246cd,male,2020 03 04,USD,Zimbabwe,male,True,Doctor,Kariba,42000.0,0,46600.389250689244,0.19,38,0,51,2915.8945217081323,married,38
55096,c10987d1-b83c-4c4f-a006-65746d64fd3c,male,2023 07 20,USD,Zimbabwe,male,False,,Chivhu,16000.0,2,23735.504755689144,0.21,48,2,80,2772.70042830735,married,48
21989,d790ae49-0126-42a5-877a-30e2299c9c23,male,2022 12 22,USD,Zimbabwe,male,True,Data Analyst,Marondera,57000.0,0,31259.56511127924,0.18,33,0,59,4841.244138286043,married,33
22765,4ecb3845-bf44-4a8c-a996-8822ec7039fe,female,2022 10 01,USD,Zimbabwe,female,True,Engineer,Plumtree,25000.0,0,30029.04825469743,0.22,49,0,44,2311.872172048208,married,49
37724,515faaeb-2a7b-49b8-93db-9916144885ed,female,2021 03 22,USD,Zimbabwe,female,True,Engineer,,40000.0,2,54178.92660238055,0.21,39,2,49,3019.356370749436,married,39
56328,4c6e1667-c593-43b7-84c9-f3c8d018da96,other,2023 06 15,USD,Zimbabwe,other,True,Nurse,Gweru,40000.0,1,31600.910093357903,0.23,48,1,67,3519.95253668214,married,48
20273,93cb7cc1-b900-4e93-996f-74aac861fc23,other,2021 02 22,USD,Zimbabwe,other,True,Engineer,Gweru,32000.0,0,31672.677997465587,0.21,45,0,51,2561.934470533443,married,45
78498,a34236d3-abd6-4dd2-b99e-4d6c9f147dfd,female,2020 06 03,USD,Zimbabwe,female,True,Data Scientist,Kwekwe,20000.0,1,28539.562547659843,0.23,49,1,71,2627.713232117775,married,49
12495,b6ed30c5-af39-460c-8c92-5548b6795313,male,2020 02 21,USD,Zimbabwe,male,True,Engineer,Kwekwe,20000.0,0,31000.39511812979,0.21,46,0,45,2282.468539396539,married,46
82878,91593991-5f72-44dc-8e8e-194c3f09cd26,male,2022 02 10,USD,Zimbabwe,male,True,Nurse,Chiredzi,22000.0,1,30521.550445648994,0.17,40,1,64,2843.244655267474,married,40
90675,fb15889d-f114-4a55-adcf-ddba65e579a8,female,2023 01 15,USD,Zimbabwe,female,True,Engineer,Gweru,49000.0,1,45161.99371049629,0.2,48,1,64,3502.3762235944378,single,48
47820,e12d1d77-5482-4a73-95f4-1c69f180181a,other,2023 08 18,USD,Zimbabwe,other,True,Data Analyst,Mutare,32000.0,0,27019.832275838,0.2,42,0,46,2593.9782756868904,married,42
48657,3e95e757-0bf4-4e3f-ac9e-e46752024d13,male,2022 04 30,USD,Zimbabwe,male,True,Engineer,Gweru,17000.0,0,28476.84866196848,0.22,46,0,70,2780.9666097225986,married,46
